binary_accuracy,loss,val_binary_accuracy,val_loss
0.7178074717521667,0.5464361906051636,0.856475293636322,0.4268343448638916
0.8775719404220581,0.32739490270614624,0.8739986419677734,0.29240545630455017
0.9057530164718628,0.2370101809501648,0.8775033354759216,0.29133641719818115
