loss,binary_accuracy,val_loss,val_binary_accuracy
0.2347971498966217,0.8999594449996948,0.1645510196685791,0.9292389750480652
