loss,binary_accuracy,val_loss,val_binary_accuracy
0.22701168060302734,0.9038218259811401,0.16177159547805786,0.9359145760536194
