binary_accuracy,loss,val_binary_accuracy,val_loss
0.7340199947357178,0.582639753818512,0.797897219657898,0.5127416253089905
0.8089550137519836,0.4687042236328125,0.8140854239463806,0.4369296729564667
0.8277185559272766,0.4082767367362976,0.8307743668556213,0.39210373163223267
0.8479365110397339,0.3622179329395294,0.8494659662246704,0.35647985339164734
0.8707054853439331,0.3208584189414978,0.8634846210479736,0.32586216926574707
0.8862742185592651,0.28743964433670044,0.8668224215507507,0.31007465720176697
0.8954533338546753,0.26257967948913574,0.8703271150588989,0.3003808856010437
0.9024151563644409,0.24433442950248718,0.8768357634544373,0.29365408420562744
0.9089240431785583,0.22911308705806732,0.8771695494651794,0.291705846786499
